{"cameraMode":{"drawMode":0,"name":"Shaded","section":"Shading Mode"},"sceneLighting":true,"audioPlay":false,"sceneViewState":{"m_AlwaysRefresh":false,"showFog":true,"showSkybox":true,"showFlares":true,"showImageEffects":true,"showParticleSystems":true,"showVisualEffectGraphs":true,"m_FxEnabled":true},"in2DMode":false,"pivot":{"x":57.31825637817383,"y":-20.70092010498047,"z":17.810760498046876},"rotation":{"x":0.0012479182332754136,"y":0.9924388527870178,"z":-0.1232939139008522,"w":0.010724854655563832},"size":607.4005126953125,"orthographic":false}